Workbook
Name SprintsCompleted: '[1]SPR burn up'!$B$4

Sheet Team
D3: ProductName
D4: Release Version | E4: v8.0
D5: Planning Date: | E5: 42751
D6: Release Date: | E6: 42858
D9: Team
D10: Name | E10: Role | F10: Location
D11: TeamMember1 | E11: Sr. Developer | F11: Remote - HCL
D12: TeamMember2 | E12: Developer | F12: Remote - HCL
D13: TeamMember3 | E13: QA | F13: Remote - HCL
D14: TeamMember4 | E14: QA | F14: Office - Wallingford
D15: TeamMember5 | E15: Documentation | F15: Office - Birmingham/Remote
D16: TeamMember6 | E16: Scrum Master | F16: Office - Birmingham
D17: TeamMember7 | E17: BA | F17: Office - Birmingham
D18: TeamMember8 | E18: Sr. Dev Manager | F18: Office - Birmingham
D19: TeamMember9 | E19: PM | F19: Remote
D20: TeamMember10 | E20: PO | F20: Office - Wallingford

Sheet Team Velocity
B2: *Please update items in RED
B3: Team Members | C3: =Lookups!C6 -> Sprint 1 | F3: =Lookups!C7 -> Sprint 2 | I3: =Lookups!C8 -> Sprint 3 | L3: =Lookups!C9 -> Sprint 4 | O3: =Lookups!C10 -> Sprint 5 | R3: =Lookups!C11 -> Sprint 6 | U3: =Lookups!C12 -> Sprint 7 | X3: =Lookups!C13 -> Srpint 8 (1 WK HIP) | AA3: Cumulative
C4: =Lookups!D6 -> 42752 | D4: - | E4: =Lookups!E6 -> 42765 | F4: =Lookups!D7 -> 42766 | G4: - | H4: =Lookups!E7 -> 42779 | I4: =Lookups!D8 -> 42780 | J4: - | K4: =Lookups!E8 -> 42793 | L4: =Lookups!D9 -> 42794 | M4: - | N4: =Lookups!E9 -> 42807 | O4: =Lookups!D10 -> 42808 | P4: - | Q4: =Lookups!E10 -> 42821 | R4: =Lookups!D11 -> 42822 | S4: - | T4: =Lookups!E11 -> 42835 | U4: =Lookups!D12 -> 42836 | V4: - | W4: =Lookups!E12 -> 42849 | X4: =Lookups!D13 -> 42850 | Y4: - | Z4: =Lookups!E13 -> 42856
C5: Load | D5: PTO | E5: Holiday | F5: Load | G5: PTO | H5: Holiday | I5: Load | J5: PTO | K5: Holiday | L5: Load | M5: PTO | N5: Holiday | O5: Load | P5: PTO | Q5: Holiday | R5: Load | S5: PTO | T5: Holiday | U5: Load | V5: PTO | W5: Holiday | X5: Load | Y5: PTO | Z5: Holiday | AA5: Load | AB5: PTO | AC5: Holiday
B6: =Team!D11 -> TeamMember1 | C6: 8 | D6: 0 | E6: 0 | F6: 8 | G6: 0 | H6: 0 | I6: 8 | J6: 0 | K6: 0 | L6: 8 | M6: 0 | N6: 0 | O6: 8 | P6: 0 | Q6: 0 | R6: 8 | S6: 0 | T6: 0 | U6: 8 | V6: 0 | W6: 0 | X6: 4 | Y6: 0 | Z6: 0 | AA6: =SUM(C6,F6,I6,L6,O6,R6,U6,X6) -> 60 | AB6: =SUM(D6,G6,J6,M6,P6,S6,V6,Y6) -> 0 | AC6: =SUM(E6,H6,K6,N6,Q6,T6,W6,Z6) -> 0
B7: =Team!D12 -> TeamMember2 | C7: 8 | D7: 0 | E7: 0 | F7: 8 | G7: 0 | H7: 0 | I7: 8 | J7: 0 | K7: 0 | L7: 8 | M7: 0 | N7: 0 | O7: 8 | P7: 0 | Q7: 0 | R7: 8 | S7: 0 | T7: 0 | U7: 8 | V7: 0 | W7: 0 | X7: 4 | Y7: 0 | Z7: 0 | AA7: =SUM(C7,F7,I7,L7,O7,R7,U7,X7) -> 60 | AB7: =SUM(D7,G7,J7,M7,P7,S7,V7,Y7) -> 0 | AC7: =SUM(E7,H7,K7,N7,Q7,T7,W7,Z7) -> 0
B8: =Team!D13 -> TeamMember3 | C8: 10 | D8: 0 | E8: 0 | F8: 10 | G8: 0 | H8: 0 | I8: 10 | J8: 0 | K8: 0 | L8: 10 | M8: 0 | N8: 0 | O8: 10 | P8: 0 | Q8: 0 | R8: 10 | S8: 0 | T8: 0 | U8: 10 | V8: 0 | W8: 0 | X8: 5 | Y8: 0 | Z8: 0 | AA8: =SUM(C8,F8,I8,L8,O8,R8,U8,X8) -> 75 | AB8: =SUM(D8,G8,J8,M8,P8,S8,V8,Y8) -> 0 | AC8: =SUM(E8,H8,K8,N8,Q8,T8,W8,Z8) -> 0
B9: =Team!D14 -> TeamMember4 | C9: 10 | D9: 0 | E9: 0 | F9: 10 | G9: 0 | H9: 0 | I9: 10 | J9: 0 | K9: 0 | L9: 10 | M9: 0 | N9: 0 | O9: 10 | P9: 0 | Q9: 0 | R9: 10 | S9: 0 | T9: 0 | U9: 10 | V9: 0 | W9: 0 | X9: 5 | Y9: 0 | Z9: 0 | AA9: =SUM(C9,F9,I9,L9,O9,R9,U9,X9) -> 75 | AB9: =SUM(D9,G9,J9,M9,P9,S9,V9,Y9) -> 0 | AC9: =SUM(E9,H9,K9,N9,Q9,T9,W9,Z9) -> 0
B10: Total | C10: =SUM(C6:C9) -> 36 | D10: =SUM(D6:D9) -> 0 | E10: =SUM(E6:E9) -> 0 | F10: =SUM(F6:F9) -> 36 | G10: =SUM(G6:G9) -> 0 | H10: =SUM(H6:H9) -> 0 | I10: =SUM(I6:I9) -> 36 | J10: =SUM(J6:J9) -> 0 | ... Z10: =SUM(Z6:Z9) -> 0 | AA10: =SUM(C10,F10,I10,L10,O10,R10,U10,X10) -> 270 | AB10: =SUM(D10,G10,J10,M10,P10,S10,V10,Y10) -> 0 | AC10: =SUM(E10,H10,K10,N10,Q10,T10,W10,Z10) -> 0
B11: PTO + Holiday | C11: =SUM(D10+E10) -> 0 | F11: =SUM(G10+H10) -> 0 | I11: =SUM(J10+K10) -> 0 | L11: =SUM(M10+N10) -> 0 | O11: =SUM(P10+Q10) -> 0 | R11: =SUM(S10+T10) -> 0 | U11: =SUM(V10+W10) -> 0 | X11: =SUM(Y10+Z10) -> 0 | AA11: =SUM(AB10+AC10) -> 0
B12: Unplanned (15% of Load) | C12: =D15*0.15 -> 5.4 | F12: =G15*0.15 -> 5.4 | I12: =J15*0.15 -> 5.4 | L12: =M15*0.15 -> 5.4 | O12: =P15*0.15 -> 5.4 | R12: =S15*0.15 -> 5.4 | U12: =V15*0.15 -> 5.4 | X12: =Y15*0.15 -> 2.7 | AA12: =AB15*0.15 -> 40.5
B13: Bug Fixes (20% of Load) | C13: =D15*0.2 -> 7.2 | F13: =G15*0.2 -> 7.2 | I13: =J15*0.2 -> 7.2 | L13: =M15*0.2 -> 7.2 | O13: =P15*0.2 -> 7.2 | R13: =S15*0.2 -> 7.2 | U13: =V15*0.2 -> 7.2 | X13: =Y15*0.2 -> 3.6 | AA13: =AB15*0.2 -> 54
B14: Enhancement \ Regulatory (65% of Load) | C14: =D15*0.5 -> 18 | F14: =G15*0.5 -> 18 | I14: =J15*0.5 -> 18 | L14: =M15*0.5 -> 18 | O14: =P15*0.5 -> 18 | R14: =S15*0.5 -> 18 | U14: =V15*0.5 -> 18 | X14: =Y15*0.5 -> 9 | AA14: =AB15*0.65 -> 175.5
B15: Team Capacity | D15: =(C10-C11) -> 36 | G15: =(F10-F11) -> 36 | J15: =(I10-I11) -> 36 | M15: =(L10-L11) -> 36 | P15: =(O10-O11) -> 36 | S15: =(R10-R11) -> 36 | V15: =(U10-U11) -> 36 | Y15: =(X10-X11) -> 18 | AB15: =(AA10-AA11) -> 270
C17: =SUM(C15:N15) -> 144
C18: =SUM(C15:Q15) -> 180
B19: Memorial Day | C19: =SUM(C16:T16) -> 0
C20: =SUM(D15:T15) -> 216
C21: =SUM(C15:W15) -> 252
C22: =SUM(C15:Z15) -> 270

Sheet Objective 
B2: SIS Team Objective | D2: Delivery | E2: Business Value
B3: 1 | C3: Item 1 | D3: Prod v.Y | E3: 10
B4: 2 | C4: Item 2 | D4: Prod v.Y | E4: 10
B5: 3 | C5: Item 3 | D5: Prod v.Y | E5: 10
B6: 4 | C6: Item 4 | D6: Prod v.Y | E6: 9
B7: 5 | C7: Item 5 | D7: Prod v.Y | E7: 9
B8: 6 | C8: Item 6 | D8: Prod v.Y | E8: 8
B9: 7 | C9: Item 7 | D9: Prod v.Y | E9: 7
B10: 8 | C10: Item 8 | D10: Prod v.Y | E10: 7
B11: 9 | C11: Item 9 | D11: Prod v.Y | E11: 3
B12: 10
B13: 11
B14: 12
B15: 13
B16: 14
C18: Stretch Goals - [List out stretch goals]

Sheet Release Board 
C4: =Lookups!C6 -> Sprint 1 | F4: =Lookups!C7 -> Sprint 2 | I4: =Lookups!C8 -> Sprint 3 | L4: =Lookups!C9 -> Sprint 4 | O4: =Lookups!C10 -> Sprint 5 | R4: =Lookups!C11 -> Sprint 6 | U4: =Lookups!C12 -> Sprint 7 | X4: =Lookups!C13 -> Srpint 8 (1 WK HIP)
C5: =Lookups!D6 -> 42752 | D5: - | E5: =Lookups!E6 -> 42765 | F5: =Lookups!D7 -> 42766 | G5: - | H5: =Lookups!E7 -> 42779 | I5: =Lookups!D8 -> 42780 | J5: - | K5: =Lookups!E8 -> 42793 | L5: =Lookups!D9 -> 42794 | M5: - | N5: =Lookups!E9 -> 42807 | O5: =Lookups!D10 -> 42808 | P5: - | Q5: =Lookups!E10 -> 42821 | R5: =Lookups!D11 -> 42822 | S5: - | T5: =Lookups!E11 -> 42835 | U5: =Lookups!D12 -> 42836 | V5: - | W5: =Lookups!E12 -> 42849 | X5: =Lookups!D13 -> 42850 | Y5: - | Z5: =Lookups!E13 -> 42856
B6: Delivery | F6: 2/13 - Prod vX | I6: 2/27 - vY Interim Build for InterOp | U6: 4/24 - StRpt vX 4/17 - Prod vY Interim Build to InterOp (Windows 2016) | X6: 5/3 - Prod vY
B7: Features | C7: • Tech Debt - Item 1 | F7: • Item 2 | I7: • Item 3 | L7: • Item 4 [PLACE HOLDER] | O7: • Item 5 [PLACE HOLDER] • Item 6 | R7: • Item 7 • Item 8 • Item 9 [PLACE HOLDER] • Item 10 | U7: • Item 11 • Item 12 [PLACE HOLDER] | X7: • Item 13 • Bug Fixes • End to End testing
Z9: 37 SP
J12: milestones mainly for STR or CodeSoure etc. End date in delivery for SK or ver

Sheet Sprints Board
B2: =Lookups!C6 -> Sprint 1 | C2: Velocity : | D2: ='Team Velocity'!C10 -> 36 | F2: =+Lookups!C7 -> Sprint 2 | G2: Velocity : | H2: ='Team Velocity'!F10 -> 36 | J2: =Lookups!C8 -> Sprint 3 | K2: Velocity : | L2: ='Team Velocity'!I10 -> 36
C3: Load : | D3: ='Team Velocity'!D15 -> 36 | G3: Load : | H3: ='Team Velocity'!G15 -> 36 | K3: Load : | L3: ='Team Velocity'!J15 -> 36
N4: Legends:
N5: Enhancements
N6: Regulatory
N7: Technical Debit
N8: Bug Fixes
N9: Support\Unscheduled Maintainace
N10: Spike
B11: Support\Unscheduled Maintainace = TM1, TM2 | C11: 2 | F11: Support\Unscheduled Maintainace = TM1, TM2 | G11: 2 | J11: Support\Unscheduled Maintainace = TM1, TM2 | K11: 2
B12: Totals
B14: =Lookups!C9 -> Sprint 4 | C14: Velocity : | D14: ='Team Velocity'!L10 -> 36 | F14: =Lookups!C10 -> Sprint 5 | G14: Velocity : | H14: ='Team Velocity'!O10 -> 36 | J14: =Lookups!C11 -> Sprint 6 | K14: Velocity : | L14: ='Team Velocity'!R10 -> 36
C15: Load : | D15: ='Team Velocity'!M15 -> 36 | G15: Load : | H15: ='Team Velocity'!P15 -> 36 | K15: Load : | L15: ='Team Velocity'!S15 -> 36
B24: Support\Unscheduled Maintainace = TM1, TM2 | C24: 2 | F24: Support\Unscheduled Maintainace = TM1, TM2 | G24: 2 | J24: Support\Unscheduled Maintainace = TM1, TM2 | K24: 2
B27: =Lookups!C12 -> Sprint 7 | C27: Velocity : | D27: ='Team Velocity'!U10 -> 36 | F27: Sprint 8 (1 WK HIP) | G27: Velocity : | H27: ='Team Velocity'!X10 -> 18
C28: Load : | D28: ='Team Velocity'!V15 -> 36 | G28: Load : | H28: ='Team Velocity'!Y15 -> 18
B35: Support\Unscheduled Maintainace = TM1, TM2 | C35: 2 | F35: Support\Unscheduled Maintainace = TM1, TM2 | G35: 2

Sheet Risks and Dependencies
B2: Risks
B3: # | C3: ROAM | D3: RISK | E3: POSSIBILITY \ IMPACT | F3: MITIGATION PLAN
B4: 1
B5: 2
B6: 3
B7: 4
B8: 5
B9: 6
B10: 7
B11: 8
B12: 9
B13: 10
B16: Dependencies
B17: # | C17: Contact and Team | D17: Dependency Description | E17: Date Estimated | F17: Impact
B18: 1
B19: 2
B20: 3
B21: 4
B22: 5

Sheet Sprints Board Breakdown
B2: =Lookups!C6 -> Sprint 1 | E2: DEV | G2: QA | I2: Velocity : | J2: ='Team Velocity'!C10 -> 36 | L2: =+Lookups!C7 -> Sprint 2 | O2: DEV | Q2: QA | S2: Velocity : | T2: ='Team Velocity'!F10 -> 36 | V2: =Lookups!C8 -> Sprint 3 | Y2: DEV | AA2: QA | AC2: Velocity : | AD2: ='Team Velocity'!I10 -> 36
B3: =Lookups!D6 -> 42752 | C3: - | D3: =Lookups!E6 -> 42765 | E3: BT | F3: BJ | G3: SC | H3: PR | I3: Load : | J3: ='Team Velocity'!D15 -> 36 | L3: =Lookups!D7 -> 42766 | M3: - | N3: =Lookups!E7 -> 42779 | O3: BT | P3: BJ | Q3: SC | R3: PR | S3: Load : | T3: ='Team Velocity'!G15 -> 36 | V3: =Lookups!D8 -> 42780 | W3: - | X3: =Lookups!E8 -> 42793 | Y3: BT | Z3: BJ | AA3: SC | AB3: PR | AC3: Load : | AD3: ='Team Velocity'!J15 -> 36
I4: =SUM(E4:H4) -> 0 | S4: =SUM(O4:R4) -> 0 | AC4: =SUM(Y4:AB4) -> 0 | AF4: Legends:
I5: =SUM(E5:H5) -> 0 | S5: =SUM(O5:R5) -> 0 | AC5: =SUM(Y5:AB5) -> 0 | AF5: Enhancements
I6: =SUM(E6:H6) -> 0 | S6: =SUM(O6:R6) -> 0 | AC6: =SUM(Y6:AB6) -> 0 | AF6: Regulatory
I7: =SUM(E7:H7) -> 0 | S7: =SUM(O7:R7) -> 0 | AC7: =SUM(Y7:AB7) -> 0 | AF7: Technical Debit
I8: =SUM(E8:H8) -> 0 | S8: =SUM(O8:R8) -> 0 | AC8: =SUM(Y8:AB8) -> 0 | AF8: Bug Fixes
I9: =SUM(E9:H9) -> 0 | S9: =SUM(O9:R9) -> 0 | AC9: =SUM(Y9:AB9) -> 0 | AF9: Support\Unscheduled Maintainace
I10: =SUM(E10:H10) -> 0 | S10: =SUM(O10:R10) -> 0 | AC10: =SUM(Y10:AB10) -> 0 | AF10: Spike
B11: Support\Unscheduled Maintainace | E11: 1 | F11: 1 | I11: =SUM(E11:H11) -> 2 | L11: Support\Unscheduled Maintainace | O11: 1 | P11: 1 | S11: =SUM(O11:R11) -> 2 | V11: Support\Unscheduled Maintainace | Y11: 1 | Z11: 1 | AC11: =SUM(Y11:AB11) -> 2
E12: =SUM(E4:E11) -> 1 | F12: =SUM(F4:F11) -> 1 | G12: =SUM(G4:G11) -> 0 | H12: =SUM(H4:H11) -> 0 | I12: =SUM(I4:I11) -> 2 | O12: =SUM(O4:O11) -> 1 | P12: =SUM(P4:P11) -> 1 | Q12: =SUM(Q4:Q11) -> 0 | R12: =SUM(R4:R11) -> 0 | S12: =SUM(S4:S11) -> 2 | Y12: =SUM(Y4:Y11) -> 1 | Z12: =SUM(Z4:Z11) -> 1 | AA12: =SUM(AA4:AA11) -> 0 | AB12: =SUM(AB4:AB11) -> 0 | AC12: =SUM(AC4:AC11) -> 2
E13: =E14-E12 -> 9 | F13: =F14-F12 -> 9 | G13: =G14-G12 -> 8 | H13: =H14-H12 -> 8 | O13: =O14-O12 -> 9 | P13: =P14-P12 -> 9 | Q13: =Q14-Q12 -> 8 | R13: =R14-R12 -> 8 | Y13: =Y14-Y12 -> 9 | Z13: =Z14-Z12 -> 9 | AA13: =AA14-AA12 -> 8 | AB13: =AB14-AB12 -> 8
E14: ='Team Velocity'!C9-SUM('Team Velocity'!D9:E9) -> 10 | F14: ='Team Velocity'!C8-SUM('Team Velocity'!D8:E8) -> 10 | G14: ='Team Velocity'!C7-SUM('Team Velocity'!D7:E7) -> 8 | H14: ='Team Velocity'!C6-SUM('Team Velocity'!D6:E6) -> 8 | O14: ='Team Velocity'!F9-SUM('Team Velocity'!G9:H9) -> 10 | P14: ='Team Velocity'!F8-SUM('Team Velocity'!G8:H8) -> 10 | Q14: ='Team Velocity'!F7-SUM('Team Velocity'!G7:H7) -> 8 | R14: ='Team Velocity'!F6-SUM('Team Velocity'!G6:H6) -> 8 | Y14: ='Team Velocity'!I9-SUM('Team Velocity'!J9:K9) -> 10 | Z14: ='Team Velocity'!I8-SUM('Team Velocity'!J8:K8) -> 10 | AA14: ='Team Velocity'!I7-SUM('Team Velocity'!J7:K7) -> 8 | AB14: ='Team Velocity'!I6-SUM('Team Velocity'!J6:K6) -> 8
B15: =Lookups!C9 -> Sprint 4 | E15: DEV | G15: QA | I15: Velocity : | J15: ='Team Velocity'!L10 -> 36 | L15: =Lookups!C10 -> Sprint 5 | O15: DEV | Q15: QA | S15: Velocity : | T15: ='Team Velocity'!O10 -> 36 | V15: =Lookups!C11 -> Sprint 6 | Y15: DEV | AA15: QA | AC15: Velocity : | AD15: ='Team Velocity'!R10 -> 36
B16: =Lookups!D9 -> 42794 | C16: - | D16: =Lookups!E9 -> 42807 | E16: BT | F16: BJ | G16: SC | H16: PR | I16: Load : | J16: ='Team Velocity'!M15 -> 36 | L16: =Lookups!D10 -> 42808 | M16: - | N16: =Lookups!E10 -> 42821 | O16: BT | P16: BJ | Q16: SC | R16: PR | S16: Load : | T16: ='Team Velocity'!P15 -> 36 | V16: =Lookups!D11 -> 42822 | W16: - | X16: =Lookups!E11 -> 42835 | Y16: BT | Z16: BJ | AA16: SC | AB16: PR | AC16: Load : | AD16: ='Team Velocity'!S15 -> 36
I17: =SUM(E17:H17) -> 0 | S17: =SUM(O17:R17) -> 0 | AC17: =SUM(Y17:AB17) -> 0
I18: =SUM(E18:H18) -> 0 | S18: =SUM(O18:R18) -> 0 | AC18: =SUM(Y18:AB18) -> 0
I19: =SUM(E19:H19) -> 0 | S19: =SUM(O19:R19) -> 0 | AC19: =SUM(Y19:AB19) -> 0
I20: =SUM(E20:H20) -> 0 | S20: =SUM(O20:R20) -> 0 | AC20: =SUM(Y20:AB20) -> 0
AC21: =SUM(Y21:AB21) -> 0
AC22: =SUM(Y22:AB22) -> 0
AC23: =SUM(Y23:AB23) -> 0
B24: Support\Unscheduled Maintainace | E24: 2 | I24: =SUM(E24:H24) -> 2 | L24: Support\Unscheduled Maintainace | O24: 1 | P24: 1 | S24: =SUM(O24:R24) -> 2 | V24: Support\Unscheduled Maintainace | Y24: 1 | Z24: 1 | AC24: =SUM(Y24:AB24) -> 2
E25: =SUM(E17:E24) -> 2 | F25: =SUM(F17:F24) -> 0 | G25: =SUM(G17:G24) -> 0 | H25: =SUM(H17:H24) -> 0 | I25: =SUM(I17:I24) -> 2 | O25: =SUM(O17:O24) -> 1 | P25: =SUM(P17:P24) -> 1 | Q25: =SUM(Q17:Q24) -> 0 | R25: =SUM(R17:R24) -> 0 | S25: =SUM(S17:S24) -> 2 | Y25: =SUM(Y17:Y24) -> 1 | Z25: =SUM(Z17:Z24) -> 1 | AA25: =SUM(AA17:AA24) -> 0 | AB25: =SUM(AB17:AB24) -> 0 | AC25: =SUM(Y17:AB24) -> 2
E26: =E27-E25 -> 8 | F26: =F27-F25 -> 10 | G26: =G27-G25 -> 8 | H26: =H27-H25 -> 8 | O26: =O27-O25 -> 9 | P26: =P27-P25 -> 9 | Q26: =Q27-Q25 -> 8 | R26: =R27-R25 -> 8 | Y26: =Y27-Y25 -> 9 | Z26: =Z27-Z25 -> 9 | AA26: =AA27-AA25 -> 8 | AB26: =AB27-AB25 -> 8
E27: ='Team Velocity'!L9-SUM('Team Velocity'!M9:N9) -> 10 | F27: ='Team Velocity'!L8-SUM('Team Velocity'!M8:N8) -> 10 | G27: ='Team Velocity'!L7-SUM('Team Velocity'!M7:N7) -> 8 | H27: ='Team Velocity'!L6-SUM('Team Velocity'!M6:N6) -> 8 | O27: ='Team Velocity'!O9-SUM('Team Velocity'!P9:Q9) -> 10 | P27: ='Team Velocity'!O8-SUM('Team Velocity'!P8:Q8) -> 10 | Q27: ='Team Velocity'!O7-SUM('Team Velocity'!P7:Q7) -> 8 | R27: ='Team Velocity'!O6-SUM('Team Velocity'!P6:Q6) -> 8 | Y27: ='Team Velocity'!R9-SUM('Team Velocity'!S9:T9) -> 10 | Z27: ='Team Velocity'!R8-SUM('Team Velocity'!S8:T8) -> 10 | AA27: ='Team Velocity'!R7-SUM('Team Velocity'!S7:T7) -> 8 | AB27: ='Team Velocity'!R6-SUM('Team Velocity'!S6:T6) -> 8
B28: =Lookups!C12 -> Sprint 7 | E28: DEV | G28: QA | I28: Velocity : | J28: ='Team Velocity'!U10 -> 36 | L28: =Lookups!C13 -> Srpint 8 (1 WK HIP) | O28: DEV | Q28: QA | S28: Velocity : | T28: ='Team Velocity'!X10 -> 18
B29: =Lookups!D12 -> 42836 | C29: - | D29: =Lookups!E12 -> 42849 | E29: BT | F29: BJ | G29: SC | H29: PR | I29: Load : | J29: ='Team Velocity'!V15 -> 36 | L29: =Lookups!D13 -> 42850 | M29: - | N29: =Lookups!E13 -> 42856 | O29: BT | P29: BJ | Q29: SC | R29: PR | S29: Load : | T29: ='Team Velocity'!Y15 -> 18
I30: =SUM(E30:H30) -> 0 | S30: =SUM(O30:R30) -> 0
I31: =SUM(E31:H31) -> 0 | S31: =SUM(O31:R31) -> 0
I32: =SUM(E32:H32) -> 0 | S32: =SUM(O32:R32) -> 0
I33: =SUM(E33:H33) -> 0 | S33: =SUM(O33:R33) -> 0
I34: =SUM(E34:H34) -> 0 | S34: =SUM(O34:R34) -> 0
I35: =SUM(E35:H35) -> 0 | S35: =SUM(O35:R35) -> 0
B36: Support\Unscheduled Maintainace | E36: 1 | F36: 1 | I36: =SUM(E36:H36) -> 2 | L36: Support\Unscheduled Maintainace | O36: 1 | P36: 1 | S36: =SUM(O36:R36) -> 2
E37: =SUM(E30:E36) -> 1 | F37: =SUM(F30:F36) -> 1 | G37: =SUM(G30:G36) -> 0 | H37: =SUM(H30:H36) -> 0 | I37: =SUM(I30:J36) -> 2 | O37: =SUM(O30:O36) -> 1 | P37: =SUM(P30:P36) -> 1 | Q37: =SUM(Q30:Q36) -> 0 | R37: =SUM(R30:R36) -> 0 | S37: =SUM(S30:T36) -> 2
E38: =E39-E37 -> 9 | F38: =F39-F37 -> 9 | G38: =G39-G37 -> 8 | H38: =H39-H37 -> 8 | O38: =O39-O37 -> 4 | P38: =P39-P37 -> 4 | Q38: =Q39-Q37 -> 4 | R38: =R39-R37 -> 4
E39: ='Team Velocity'!U9-SUM('Team Velocity'!V9:W9) -> 10 | F39: ='Team Velocity'!U8-SUM('Team Velocity'!V8:W8) -> 10 | G39: ='Team Velocity'!U7-SUM('Team Velocity'!V7:W7) -> 8 | H39: ='Team Velocity'!U6-SUM('Team Velocity'!V6:W6) -> 8 | O39: ='Team Velocity'!X9-SUM('Team Velocity'!Y9:Z9) -> 5 | P39: ='Team Velocity'!X8-SUM('Team Velocity'!Y8:Z8) -> 5 | Q39: ='Team Velocity'!X7-SUM('Team Velocity'!Y7:Z7) -> 4 | R39: ='Team Velocity'!X6-SUM('Team Velocity'!Y6:Z6) -> 4

Sheet Release Breakdown - Mgmt
B2: Enhancements | L2: Total (SP) | M2: ='Team Velocity'!AB15 -> 270
B3: Secondary Claim edit (COB) for balance validation
B4: Patient Estimates (fee estimation) for transparencey compliance
B5: Regulatory (CAP)
B6: State Report - Non Common - Common - MO, SC, FL
B7: 2017 ASCA Benchmarking Report Updates
B8: ASC 13 Normothermia Outcome Measure - Placeholder
B9: ASC 14 Unplanned Anterior Vitrectomy - Placeholder
B10: ASC 15a-e OAS CAHPS - Placeholder
B11: Automate Submission/Transmission for OAS CAHPS Data - PLACEHOLDER
B12: NV - SSN update
B13: CT - White paper change for payer codes
B14: Regulatory (Non-CAP)
... B26: Support\Unscheduled Maintenance
F27: Category | G27: Story Points | H27: Allocation % | I27: Total Allocation %
E28: CAP | F28: Enhancements | G28: 36 | H28: =G28/M2 -> 0.13333333 | I28: =SUM(H28:H30) -> 0.8
F29: Regulatory (CAP) | G29: 124 | H29: =G29/M2 -> 0.45925926
F30: Technical Debit | G30: 56 | H30: =G30/M2 -> 0.20740741
E31: Non-CAP | F31: Regulatory (Non-CAP) | G31: 0 | H31: =G31/M2 -> 0 | I31: =SUM(H31:H33) -> 0.11481481
F32: Maintenance | G32: 17 | H32: =G32/M2 -> 0.062962963
F33: Support\Unscheduled Maintainace | G33: 14 | H33: =G33/M2 -> 0.051851852
F34: Total SP | G34: =SUM(G28:G33) -> 247 | H34: =SUM(H28:H33) -> 0.91481481 | I34: =SUM(I28:I33) -> 0.91481481
F40: ="Total SP : " & ROUND(G34,0) -> Total SP : 247

Sheet Commit vs Achieved Chart - Mgmt
B17: Sprint Name | C17: Sprint Start | D17: Sprint End | E17: SP Committed | F17: SP Achieved | G17: % Delivered
B18: =Lookups!C6 -> Sprint 1 | C18: =Lookups!D6 -> 42752 | D18: =Lookups!E6 -> 42765 | E18: ='Team Velocity'!D15 -> 36 | F18: 0 | G18: =F18/E18 -> 0
B19: =Lookups!C7 -> Sprint 2 | C19: =Lookups!D7 -> 42766 | D19: =Lookups!E7 -> 42779 | E19: ='Team Velocity'!G15 -> 36 | F19: 0 | G19: =F19/E19 -> 0
B20: =Lookups!C8 -> Sprint 3 | C20: =Lookups!D8 -> 42780 | D20: =Lookups!E8 -> 42793 | E20: ='Team Velocity'!J15 -> 36 | F20: 0 | G20: =F20/E20 -> 0
B21: =Lookups!C9 -> Sprint 4 | C21: =Lookups!D9 -> 42794 | D21: =Lookups!E9 -> 42807 | E21: ='Team Velocity'!M15 -> 36 | F21: 0 | G21: =F21/E21 -> 0
B22: =Lookups!C10 -> Sprint 5 | C22: =Lookups!D10 -> 42808 | D22: =Lookups!E10 -> 42821 | E22: ='Team Velocity'!P15 -> 36 | F22: 0 | G22: =F22/E22 -> 0
B23: =Lookups!C11 -> Sprint 6 | C23: =Lookups!D11 -> 42822 | D23: =Lookups!E11 -> 42835 | E23: ='Team Velocity'!S15 -> 36 | F23: 0 | G23: =F23/E23 -> 0
B24: =Lookups!C12 -> Sprint 7 | C24: =Lookups!D12 -> 42836 | D24: =Lookups!E12 -> 42849 | E24: ='Team Velocity'!V15 -> 36 | F24: 0 | G24: =F24/E24 -> 0
B25: Total | E25: =SUM(E18:E24) -> 252 | F25: =SUM(F18:F24) -> 0 | G25: =F25/E25 -> 0

Sheet Lookups
C2: Sprint Start Date: | D2: 42752
C3: Sprint Length | D3: 14
C5: Sprint Name | D5: Sprint Start | E5: Sprint End
C6: Sprint 1 | D6: =D2 -> 42752 | E6: =D6+D3-1 -> 42765
C7: Sprint 2 | D7: =E6+1 -> 42766 | E7: =D7+D3-1 -> 42779
C8: Sprint 3 | D8: =E7+1 -> 42780 | E8: =D8+D3-1 -> 42793
C9: Sprint 4 | D9: =E8+1 -> 42794 | E9: =D9+D3-1 -> 42807
C10: Sprint 5 | D10: =E9+1 -> 42808 | E10: =D10+D3-1 -> 42821
C11: Sprint 6 | D11: =E10+1 -> 42822 | E11: =D11+D3-1 -> 42835
C12: Sprint 7 | D12: =E11+1 -> 42836 | E12: =D12+D3-1 -> 42849
C13: Srpint 8 (1 WK HIP) | D13: =E12+1 -> 42850 | E13: =D13+D3-8 -> 42856

Sheet Work Distribution
C2: Sprint 1 | F2: Sprint 2 | I2: Sprint 3 | L2: Sprint 4 | O2: Sprint 5 | R2: Sprint 6 | U2: Sprint 7 | X2: Sprint 8 | AA2: Sprint 9
B3: Capacity | C3: Track | E3: Capacity | F3: Track | H3: Capacity | I3: Track | K3: Capacity | L3: Track | N3: Capacity | O3: Track | Q3: Capacity | R3: Track | T3: Capacity | U3: Track | W3: Capacity | X3: Track | Z3: Capacity | AA3: Track
A4: Pavithra | B4: 8 | C4: 8 | E4: 8 | F4: 8 | H4: 7 | I4: 7 | K4: 5 | L4: 5 | N4: 8 | O4: 8 | Q4: 8 | R4: 8 | T4: 8 | U4: 8 | W4: 8 | Z4: 4
A5: Sherri | B5: 8 | C5: 8 | E5: 7 | F5: 7 | H5: 8 | I5: 8 | K5: 4 | L5: 4 | N5: 8 | O5: 8 | Q5: 6 | R5: 6 | T5: 8 | U5: 8 | W5: 6 | X5: 1 | Z5: 4 | AA5: 1
A6: Bidya | B6: 8 | C6: 8 | E6: 7 | F6: 7 | H6: 6 | I6: 6 | K6: 6 | L6: 6 | N6: 8 | O6: 8 | Q6: 8 | R6: 8 | T6: 8 | U6: 8 | W6: 8 | X6: 1 | Z6: 4 | AA6: 1
A7: Bala | B7: 8 | C7: 8 | E7: 7 | F7: 7 | H7: 6 | I7: 6 | K7: 5 | L7: 5 | N7: 8 | O7: 8 | Q7: 8 | R7: 8 | T7: 8 | U7: 8 | W7: 8 | X7: 1 | Z7: 4 | AA7: 1
